Daily commit: Sat Jun 21 07:04:36 UTC 2025
Daily commit: Sun Jun 22 03:39:05 UTC 2025
Daily commit: Mon Jun 23 03:40:52 UTC 2025
Daily commit: Tue Jun 24 03:33:45 UTC 2025
Daily commit: Wed Jun 25 03:35:24 UTC 2025
Daily commit: Thu Jun 26 03:34:03 UTC 2025
Daily commit: Fri Jun 27 03:34:37 UTC 2025
Daily commit: Sat Jun 28 03:29:25 UTC 2025
Daily commit: Sun Jun 29 03:42:37 UTC 2025
Daily commit: Mon Jun 30 03:39:44 UTC 2025
Daily commit: Tue Jul  1 03:46:13 UTC 2025
Daily commit: Wed Jul  2 03:35:36 UTC 2025
Daily commit: Thu Jul  3 03:36:11 UTC 2025
Daily commit: Fri Jul  4 03:33:42 UTC 2025
Daily commit: Sat Jul  5 03:29:31 UTC 2025
Daily commit: Sun Jul  6 03:41:01 UTC 2025
Daily commit: Mon Jul  7 03:40:14 UTC 2025
Daily commit: Tue Jul  8 03:35:30 UTC 2025
Daily commit: Wed Jul  9 03:38:02 UTC 2025
Daily commit: Thu Jul 10 03:37:20 UTC 2025
Daily commit: Fri Jul 11 03:44:34 UTC 2025
Daily commit: Sat Jul 12 03:39:47 UTC 2025
Daily commit: Sun Jul 13 03:46:49 UTC 2025
Daily commit: Mon Jul 14 03:48:33 UTC 2025
Daily commit: Tue Jul 15 03:45:25 UTC 2025
Daily commit: Wed Jul 16 03:43:51 UTC 2025
Daily commit: Thu Jul 17 03:43:42 UTC 2025
Daily commit: Fri Jul 18 03:45:47 UTC 2025
Daily commit: Sat Jul 19 03:37:45 UTC 2025
Daily commit: Sun Jul 20 03:52:31 UTC 2025
Daily commit: Mon Jul 21 03:51:36 UTC 2025
Daily commit: Tue Jul 22 03:45:27 UTC 2025
Daily commit: Wed Jul 23 03:46:58 UTC 2025
Daily commit: Thu Jul 24 03:45:51 UTC 2025
Daily commit: Fri Jul 25 03:45:53 UTC 2025
Daily commit: Sat Jul 26 03:42:58 UTC 2025
Daily commit: Sun Jul 27 03:53:53 UTC 2025
Daily commit: Mon Jul 28 03:53:47 UTC 2025
Daily commit: Tue Jul 29 03:55:33 UTC 2025
Daily commit: Wed Jul 30 03:50:50 UTC 2025
Daily commit: Thu Jul 31 03:49:59 UTC 2025
Daily commit: Fri Aug  1 04:03:01 UTC 2025
Daily commit: Sat Aug  2 03:41:22 UTC 2025
Daily commit: Sun Aug  3 03:57:38 UTC 2025
Daily commit: Mon Aug  4 04:03:52 UTC 2025
Daily commit: Tue Aug  5 03:54:47 UTC 2025
Daily commit: Wed Aug  6 03:52:10 UTC 2025
Daily commit: Thu Aug  7 03:52:02 UTC 2025
Daily commit: Fri Aug  8 03:51:34 UTC 2025
Daily commit: Sat Aug  9 03:35:37 UTC 2025
Daily commit: Sun Aug 10 03:50:40 UTC 2025
Daily commit: Mon Aug 11 03:51:22 UTC 2025
Daily commit: Tue Aug 12 03:34:00 UTC 2025
Daily commit: Wed Aug 13 03:36:04 UTC 2025
Daily commit: Thu Aug 14 03:36:43 UTC 2025
Daily commit: Fri Aug 15 03:37:18 UTC 2025
Daily commit: Sat Aug 16 03:30:44 UTC 2025
Daily commit: Sun Aug 17 03:40:43 UTC 2025
Daily commit: Mon Aug 18 03:47:07 UTC 2025
Daily commit: Tue Aug 19 03:27:27 UTC 2025
Daily commit: Wed Aug 20 03:26:08 UTC 2025
Daily commit: Thu Aug 21 03:25:42 UTC 2025
Daily commit: Fri Aug 22 03:25:55 UTC 2025
Daily commit: Sat Aug 23 03:13:49 UTC 2025
Daily commit: Sun Aug 24 03:33:26 UTC 2025
Daily commit: Mon Aug 25 03:31:51 UTC 2025
Daily commit: Tue Aug 26 03:26:39 UTC 2025
Daily commit: Wed Aug 27 03:13:05 UTC 2025
Daily commit: Thu Aug 28 03:12:55 UTC 2025
Daily commit: Fri Aug 29 03:12:38 UTC 2025
Daily commit: Sat Aug 30 03:08:14 UTC 2025
Daily commit: Sun Aug 31 03:23:24 UTC 2025
Daily commit: Mon Sep  1 03:36:57 UTC 2025
Daily commit: Tue Sep  2 03:25:01 UTC 2025
Daily commit: Wed Sep  3 03:05:10 UTC 2025
Daily commit: Thu Sep  4 03:06:09 UTC 2025
Daily commit: Fri Sep  5 03:09:00 UTC 2025
Daily commit: Sat Sep  6 03:05:15 UTC 2025
Daily commit: Sun Sep  7 03:12:25 UTC 2025
Daily commit: Mon Sep  8 03:25:12 UTC 2025
Daily commit: Tue Sep  9 03:11:57 UTC 2025
Daily commit: Wed Sep 10 03:05:59 UTC 2025
Daily commit: Thu Sep 11 03:10:21 UTC 2025
Daily commit: Fri Sep 12 03:05:11 UTC 2025
Daily commit: Sat Sep 13 02:59:12 UTC 2025
Daily commit: Sun Sep 14 03:11:55 UTC 2025
Daily commit: Mon Sep 15 03:25:34 UTC 2025
Daily commit: Tue Sep 16 03:06:36 UTC 2025
Daily commit: Wed Sep 17 03:05:57 UTC 2025
Daily commit: Thu Sep 18 03:07:55 UTC 2025
Daily commit: Fri Sep 19 03:10:42 UTC 2025
Daily commit: Sat Sep 20 03:05:30 UTC 2025
Daily commit: Sun Sep 21 03:24:43 UTC 2025
Daily commit: Mon Sep 22 03:25:02 UTC 2025
Daily commit: Tue Sep 23 03:08:31 UTC 2025
Daily commit: Wed Sep 24 03:09:20 UTC 2025
Daily commit: Thu Sep 25 03:11:42 UTC 2025
Daily commit: Fri Sep 26 03:10:31 UTC 2025
Daily commit: Sat Sep 27 03:05:29 UTC 2025
Daily commit: Sun Sep 28 03:25:21 UTC 2025
Daily commit: Mon Sep 29 03:14:57 UTC 2025
Daily commit: Tue Sep 30 03:08:35 UTC 2025
Daily commit: Wed Oct  1 03:28:49 UTC 2025
Daily commit: Thu Oct  2 03:07:42 UTC 2025
Daily commit: Fri Oct  3 03:07:08 UTC 2025
Daily commit: Sat Oct  4 03:02:32 UTC 2025
Daily commit: Sun Oct  5 03:23:02 UTC 2025
Daily commit: Mon Oct  6 03:12:31 UTC 2025
Daily commit: Tue Oct  7 03:08:29 UTC 2025
Daily commit: Wed Oct  8 03:08:10 UTC 2025
Daily commit: Thu Oct  9 03:10:37 UTC 2025
Daily commit: Fri Oct 10 03:11:14 UTC 2025
Daily commit: Sat Oct 11 03:04:52 UTC 2025
Daily commit: Sun Oct 12 03:12:32 UTC 2025
Daily commit: Mon Oct 13 03:28:20 UTC 2025
Daily commit: Tue Oct 14 03:11:57 UTC 2025
Daily commit: Wed Oct 15 03:15:06 UTC 2025
Daily commit: Thu Oct 16 03:14:19 UTC 2025
Daily commit: Fri Oct 17 03:12:16 UTC 2025
Daily commit: Sat Oct 18 03:06:19 UTC 2025
Daily commit: Sun Oct 19 03:31:14 UTC 2025
Daily commit: Mon Oct 20 03:33:13 UTC 2025
Daily commit: Tue Oct 21 03:25:24 UTC 2025
Daily commit: Wed Oct 22 03:29:10 UTC 2025
Daily commit: Thu Oct 23 03:14:21 UTC 2025
Daily commit: Fri Oct 24 03:11:09 UTC 2025
Daily commit: Sat Oct 25 03:13:43 UTC 2025
Daily commit: Sun Oct 26 03:26:33 UTC 2025
Daily commit: Mon Oct 27 03:36:48 UTC 2025
Daily commit: Tue Oct 28 03:26:47 UTC 2025
Daily commit: Wed Oct 29 03:32:51 UTC 2025
Daily commit: Thu Oct 30 03:28:49 UTC 2025
Daily commit: Fri Oct 31 03:29:30 UTC 2025
Daily commit: Sat Nov  1 03:28:36 UTC 2025
Daily commit: Sun Nov  2 03:31:33 UTC 2025
Daily commit: Mon Nov  3 03:35:21 UTC 2025
Daily commit: Tue Nov  4 03:28:16 UTC 2025
Daily commit: Wed Nov  5 03:29:14 UTC 2025
Daily commit: Thu Nov  6 03:32:31 UTC 2025
Daily commit: Fri Nov  7 03:29:01 UTC 2025
Daily commit: Sat Nov  8 03:14:01 UTC 2025
Daily commit: Sun Nov  9 03:29:52 UTC 2025
Daily commit: Mon Nov 10 03:36:15 UTC 2025
Daily commit: Tue Nov 11 03:31:07 UTC 2025
Daily commit: Wed Nov 12 03:30:11 UTC 2025
Daily commit: Thu Nov 13 03:32:18 UTC 2025
Daily commit: Fri Nov 14 03:31:03 UTC 2025
Daily commit: Sat Nov 15 03:25:49 UTC 2025
Daily commit: Sun Nov 16 03:34:15 UTC 2025
Daily commit: Mon Nov 17 03:34:19 UTC 2025
Daily commit: Tue Nov 18 03:30:28 UTC 2025
Daily commit: Wed Nov 19 03:30:02 UTC 2025
Daily commit: Thu Nov 20 03:29:04 UTC 2025
Daily commit: Fri Nov 21 03:29:10 UTC 2025
Daily commit: Sat Nov 22 03:23:58 UTC 2025
Daily commit: Sun Nov 23 03:44:00 UTC 2025
Daily commit: Mon Nov 24 03:42:20 UTC 2025
Daily commit: Tue Nov 25 03:33:12 UTC 2025
Daily commit: Wed Nov 26 03:33:16 UTC 2025
Daily commit: Thu Nov 27 03:30:32 UTC 2025
Daily commit: Fri Nov 28 03:30:13 UTC 2025
Daily commit: Sat Nov 29 03:30:32 UTC 2025
Daily commit: Sun Nov 30 03:44:05 UTC 2025
Daily commit: Mon Dec  1 03:59:32 UTC 2025
Daily commit: Tue Dec  2 03:37:24 UTC 2025
Daily commit: Wed Dec  3 03:36:07 UTC 2025
Daily commit: Thu Dec  4 03:38:09 UTC 2025
Daily commit: Fri Dec  5 03:36:56 UTC 2025
Daily commit: Sat Dec  6 03:28:18 UTC 2025
Daily commit: Sun Dec  7 03:44:07 UTC 2025
Daily commit: Mon Dec  8 03:40:45 UTC 2025
Daily commit: Tue Dec  9 03:36:31 UTC 2025
Daily commit: Thu Dec 11 03:43:03 UTC 2025
Daily commit: Fri Dec 12 03:42:18 UTC 2025
Daily commit: Sat Dec 13 03:33:54 UTC 2025
Daily commit: Sun Dec 14 03:46:18 UTC 2025
Daily commit: Mon Dec 15 03:51:17 UTC 2025
Daily commit: Tue Dec 16 03:43:37 UTC 2025
Daily commit: Wed Dec 17 03:39:38 UTC 2025
Daily commit: Thu Dec 18 03:40:37 UTC 2025
Daily commit: Fri Dec 19 03:42:35 UTC 2025
Daily commit: Sat Dec 20 03:33:42 UTC 2025
Daily commit: Sun Dec 21 03:46:57 UTC 2025
Daily commit: Mon Dec 22 03:51:55 UTC 2025
Daily commit: Tue Dec 23 03:45:31 UTC 2025
Daily commit: Wed Dec 24 03:43:10 UTC 2025
Daily commit: Thu Dec 25 03:45:33 UTC 2025
Daily commit: Fri Dec 26 03:43:30 UTC 2025
Daily commit: Sat Dec 27 03:41:06 UTC 2025
Daily commit: Sun Dec 28 03:55:50 UTC 2025
Daily commit: Mon Dec 29 03:58:01 UTC 2025
Daily commit: Tue Dec 30 03:46:46 UTC 2025
Daily commit: Wed Dec 31 03:46:15 UTC 2025
Daily commit: Thu Jan  1 03:58:25 UTC 2026
Daily commit: Fri Jan  2 03:49:55 UTC 2026
Daily commit: Sat Jan  3 03:40:26 UTC 2026
Daily commit: Sun Jan  4 03:59:29 UTC 2026
Daily commit: Mon Jan  5 04:05:16 UTC 2026
Daily commit: Tue Jan  6 03:48:01 UTC 2026
Daily commit: Wed Jan  7 03:48:19 UTC 2026
Daily commit: Thu Jan  8 03:48:30 UTC 2026
Daily commit: Fri Jan  9 03:48:41 UTC 2026
Daily commit: Sat Jan 10 03:41:53 UTC 2026
Daily commit: Sun Jan 11 03:58:25 UTC 2026
Daily commit: Mon Jan 12 03:58:32 UTC 2026
Daily commit: Tue Jan 13 03:48:11 UTC 2026
Daily commit: Wed Jan 14 03:56:16 UTC 2026
Daily commit: Thu Jan 15 03:51:16 UTC 2026
Daily commit: Fri Jan 16 03:48:26 UTC 2026
Daily commit: Sat Jan 17 03:40:45 UTC 2026
Daily commit: Sun Jan 18 03:54:18 UTC 2026
Daily commit: Mon Jan 19 03:59:24 UTC 2026
Daily commit: Tue Jan 20 03:53:28 UTC 2026
